stage,q_mean,base_frac,kappa,stiffness_scale,PS,ED,SD,PI,score
bisect,0.25,0.5,0.0,0.01,49.04848151881027,8.171343217953343,6.0024992477424455,2.695921865366952,1.3738910189360158
bisect,0.175,0.5,0.0,0.01,36.9064950276927,5.817484502711986,6.344064175931656,2.816047657978768,1.618627033992945
bisect,0.2125,0.5,0.0,0.01,43.178977019006446,7.002054253851555,6.166615603593101,2.758201263989176,1.3930365291932936
bisect,0.19374999999999998,0.5,0.0,0.01,40.096531280912686,6.411705071671986,6.253645611066243,2.7878331856124614,1.4592813381440384
bisect,0.203125,0.5,0.0,0.01,41.65074747852594,6.707360345552433,6.209707743843527,2.7731750297172533,1.3967905177234468
grid,0.1984375,0.2,-0.3,0.005,57.89985655105059,2.712453347118871,21.34593636884151,3.975462143707753,6.586855384324531
grid,0.1984375,0.35,-0.3,0.005,50.6580313038905,4.6686972101948365,10.850571160038117,3.3727235346239737,3.2552772298628385
grid,0.1984375,0.5,-0.3,0.005,42.935159703915126,6.593245531092251,6.511991628620935,2.7125813834055776,1.4869516679772503
grid,0.1984375,0.65,-0.3,0.005,34.66951452692607,8.487136425474898,4.084948419453048,1.987263226051403,0.6473125663065452
grid,0.1984375,0.2,-0.3,0.01,61.74815200347952,2.742964246914743,22.511468048820973,4.427502229991968,7.190638054007276
grid,0.1984375,0.35,-0.3,0.01,53.61975460969213,4.71666784112416,11.368143022959302,3.7029627726103005,3.611312933083838
grid,0.1984375,0.5,-0.3,0.01,45.07934517445384,6.667439134329706,6.761118364372707,2.9298656725966916,1.698929231887055
grid,0.1984375,0.65,-0.3,0.01,36.08325188484434,8.595819785210185,4.197767378386473,2.107942631226642,0.5779436492426541
grid,0.1984375,0.2,-0.3,0.02,64.88693102984632,2.7799903718816674,23.340703509676864,3.5604135977891143,7.075852305156246
grid,0.1984375,0.35,-0.3,0.02,56.00766547921682,4.766237188605758,11.750918651952452,3.091648503830219,3.4803952182325117
grid,0.1984375,0.5,-0.3,0.02,46.785953164136146,6.736000059911951,6.9456580682910065,2.546000704215456,1.6043682922588678
grid,0.1984375,0.65,-0.3,0.02,37.19390065269728,8.689558223485243,4.280298226459135,1.9108114630545987,0.6570069210789012
grid,0.1984375,0.2,0.0,0.005,49.39551540648262,2.687157334452934,18.38207044044886,3.9284535461456085,5.591277424614189
grid,0.1984375,0.35,0.0,0.005,43.88436608758433,4.593971832718459,9.552597988311126,3.2524391593668383,2.70398932419819
grid,0.1984375,0.5,0.0,0.005,37.84836549296624,6.445673743021986,5.871902147380706,2.5716482544153765,1.3113817565742352
grid,0.1984375,0.65,0.0,0.005,31.18205630900818,8.245436246936901,3.781735177516169,1.867342075401786,0.7627177067269144
grid,0.1984375,0.2,0.0,0.01,54.40640675058305,2.724764011050152,19.967383057740207,4.28749499163813,6.288431580755464
grid,0.1984375,0.35,0.0,0.01,47.892271917095314,4.662516327902724,10.271764976024876,3.541184047445493,3.11683019348121
grid,0.1984375,0.5,0.0,0.01,40.876942854173414,6.559653281766043,6.231570648375517,2.7805459694197237,1.419934133381332
grid,0.1984375,0.65,0.0,0.01,33.277359723248715,8.417886761423532,3.953172650854387,1.9966210828312092,0.6477311230873769
grid,0.1984375,0.2,0.0,0.02,58.78992533466421,2.7669223279499833,21.247407179016026,3.5292131677054064,6.371072726299654
grid,0.1984375,0.35,0.0,0.02,51.33556678151334,4.727194114162876,10.859627411472227,3.0299148736628947,3.1100983695726137
grid,0.1984375,0.5,0.0,0.02,43.425417287220846,6.657876395078334,6.522412659886864,2.4748481513324987,1.3859971743549617
grid,0.1984375,0.65,0.0,0.02,34.99955504703527,8.559873655103964,4.088793416497008,1.8494575492894159,0.6988457684938736
grid,0.1984375,0.2,0.3,0.005,39.51192829837088,2.6418514818304337,14.956150476329821,3.8139956016930734,4.499982911122633
grid,0.1984375,0.35,0.3,0.005,35.705800158559796,4.463458370600879,7.999581757889906,3.0509676254210905,2.2907119367097937
grid,0.1984375,0.5,0.3,0.005,31.421193672953585,6.193918649238544,5.07291029352095,2.3570217703882785,1.1788629799848864
grid,0.1984375,0.65,0.3,0.005,26.526645990948285,7.842098553273011,3.382595336024821,1.6906405224739187,1.0921515036574094
grid,0.1984375,0.2,0.3,0.01,45.18777237944224,2.6918300966757256,16.787007632928564,3.9987919781325445,5.1074997964704165
grid,0.1984375,0.35,0.3,0.01,40.4323606659673,4.566317420582056,8.854478771826926,3.249697807595092,2.4829246624210226
grid,0.1984375,0.5,0.3,0.01,35.16678537503162,6.371508044240559,5.519381774432534,2.5302028663829326,1.2711221671185258
grid,0.1984375,0.65,0.3,0.01,29.270645131623574,8.112457827116678,3.6081106066010724,1.8163166090975809,0.8879964311087102
grid,0.1984375,0.2,0.3,0.02,50.5558196606706,2.743098740677922,18.43018587372337,3.4718665972209433,5.415203154683484
grid,0.1984375,0.35,0.3,0.02,44.81175467221978,4.656963213396286,9.622527088750381,2.926760688489286,2.5882915032551193
grid,0.1984375,0.5,0.3,0.02,38.55292433123643,6.5191520327983286,5.91379433050094,2.3594055954136897,1.2008635282371094
grid,0.1984375,0.65,0.3,0.02,31.678291622948713,8.332451183618586,3.801797445297673,1.7505736504733878,0.793140245024806
grid,0.1984375,0.2,0.6,0.005,27.18015873790442,2.537144867468847,10.712891915005384,3.407876935216583,3.515414458913522
grid,0.1984375,0.35,0.6,0.005,25.070742064625296,4.176660064079841,6.00258141193701,2.5953254061261064,1.839443635561872
grid,0.1984375,0.5,0.6,0.005,22.626325414486377,5.664836404668499,3.9941710224569933,1.9450558793339638,1.1510950448798938
grid,0.1984375,0.65,0.6,0.005,19.72950791932985,7.027585854298597,2.8074374797231125,1.3740711226777405,1.6156994554809028
grid,0.1984375,0.2,0.6,0.01,32.67285867408119,2.6140599954302464,12.498893954690427,3.397296053088468,3.8355650899566696
grid,0.1984375,0.35,0.6,0.01,29.859354154574746,4.347673389504015,6.867892658786201,2.6838635402465707,1.9763849592240614
grid,0.1984375,0.5,0.6,0.01,26.64157927331654,5.958539889132258,4.4711590035518505,2.0639346597104864,1.1000149716977607
grid,0.1984375,0.65,0.6,0.01,22.89020019752739,7.4631647560925085,3.0670902955533865,1.4849798593226724,1.3868009763837459
grid,0.1984375,0.2,0.6,0.02,38.36929739641394,2.6859382145717,14.285249447754818,3.3226165741862546,4.12144944152449
grid,0.1984375,0.35,0.6,0.02,34.73338941505702,4.493183514118457,7.73024055347794,2.7065259754248254,2.081803632816476
grid,0.1984375,0.5,0.6,0.02,30.63411438696242,6.204133289594158,4.93769442999287,2.129890482265754,1.075071699372945
grid,0.1984375,0.65,0.6,0.02,25.9399315930516,7.828725527314105,3.3134296894875463,1.5588810964858917,1.1866240971380473
