stage,q_mean,q_pulse_frac,kappa,stiffness_scale,PS,ED,SD,PI,score
bisect,0.375,0.8,0.0,0.01,43.5989069297318,8.524029711323376,5.1148234351899,1.5733463777865384,0.998706837546847
bisect,0.2625,0.8,0.0,0.01,32.572350287725655,6.0415946901632225,5.391349793914372,1.6608589101369697,1.3766056104728883
bisect,0.31875,0.8,0.0,0.01,38.25131348382398,7.27013452199115,5.261431321266347,1.615977664265722,1.1321559615325385
bisect,0.346875,0.8,0.0,0.01,40.96407790592143,7.8814968017160805,5.197499781640729,1.5947859816796277,1.0129067035471584
bisect,0.3609375,0.8,0.0,0.01,42.29095320470102,8.203033608207996,5.155526019347828,1.5839412963584751,0.997294217978577
grid,0.35390625,0.5,-0.3,0.005,35.980794862900765,13.449697528663199,2.6752121961271342,0.9853837185184877,1.0066658442341558
grid,0.35390625,0.8,-0.3,0.005,43.696662138495434,8.075361900907087,5.411108836321885,1.512339591184087,1.1407858178416945
grid,0.35390625,1.1,-0.3,0.005,50.945158332657094,2.446513273588276,20.823577326411293,1.996667665114614,5.5255083434407855
grid,0.35390625,0.5,-0.3,0.01,37.51427381293623,13.756855059828492,2.726951301717351,1.043578826742243,0.9525843300026351
grid,0.35390625,0.8,-0.3,0.01,45.92522661669749,8.284422320725247,5.543564154353377,1.6356279856004659,1.1557606824383282
grid,0.35390625,1.1,-0.3,0.01,53.93853183555824,2.6228751224359628,20.5646587495418,2.202856417059031,5.4704531576954105
grid,0.35390625,0.5,-0.3,0.02,38.7218989252597,13.860048367545934,2.793778051736757,1.0099637110786601,0.9295430388879339
grid,0.35390625,0.8,-0.3,0.02,47.70584196230021,8.231794267358778,5.795315141859945,1.5375291248446354,1.3139040320317794
grid,0.35390625,1.1,-0.3,0.02,56.36475060267241,2.467256639778328,22.845110514217332,2.0148846020131597,6.1716808528096685
grid,0.35390625,0.5,0.0,0.005,32.32599684453955,12.888014401290384,2.5082216575815575,0.9289716769994025,1.1465137606805729
grid,0.35390625,0.8,0.0,0.005,38.538947247575805,7.900926134541322,4.87777592035584,1.44928937524281,1.054736995863736
grid,0.35390625,1.1,0.0,0.005,44.20704266641301,2.494534550438978,17.7215595825817,1.9623327999175755,4.5690078312239955
grid,0.35390625,0.5,0.0,0.01,34.541440464866724,13.270153127290682,2.602942116306907,1.000404574491239,1.0395269843783117
grid,0.35390625,0.8,0.0,0.01,41.629913558250685,8.042302414061547,5.176367589144988,1.5893317312089061,0.9965189449969492
grid,0.35390625,1.1,0.0,0.01,48.209406148448494,2.4837329371057946,19.41006032823529,2.1870677130996254,5.035223510862396
grid,0.35390625,0.5,0.0,0.02,36.377926269524814,13.548778832750259,2.6849597826183187,0.9704443505906158,1.00906386564123
grid,0.35390625,0.8,0.0,0.02,44.25024996250289,8.139202286377133,5.436681434563444,1.4845168293321358,1.1688744626615055
grid,0.35390625,1.1,0.0,0.02,51.67124731397581,2.491275705333065,20.740878740704353,1.963126095753607,5.533771187245203
grid,0.35390625,0.5,0.3,0.005,27.511644808595456,11.99626530677355,2.293350814195592,0.8507269431210607,1.4235643768233146
grid,0.35390625,0.8,0.3,0.005,32.069706198279285,7.617319763115999,4.210103710436938,1.3607192648141075,1.1008077328349846
grid,0.35390625,1.1,0.3,0.005,36.09825667771548,2.6374472857307394,13.68681636710475,1.9161885349927918,3.5880367818332917
grid,0.35390625,0.5,0.3,0.01,30.349040127158077,12.560751065275957,2.416180367673843,0.9325909882173454,1.241659870813268
grid,0.35390625,0.8,0.3,0.01,35.836266196781665,7.808141364298793,4.589602637144355,1.51246355538948,1.023021941216666
grid,0.35390625,1.1,0.3,0.01,40.77461100183265,2.546071394962372,16.014716273278445,2.1527405685800765,3.9790391441376656
grid,0.35390625,0.5,0.3,0.02,32.86854999897255,13.018565228399398,2.5247444263113823,0.9109165311032571,1.1274854582722207
grid,0.35390625,0.8,0.3,0.02,39.2732091888593,7.975393443327415,4.9242973989850105,1.4064363426911015,1.0632756985604397
grid,0.35390625,1.1,0.3,0.02,45.140421152510726,2.5356535023416265,17.802282966037918,1.8910291677869,4.6425775706793
grid,0.35390625,0.5,0.6,0.005,20.606652489723132,10.342355992351882,1.99245244555125,0.7160028270097731,1.8582286950561149
grid,0.35390625,0.8,0.6,0.005,23.311907410593516,6.994197588847183,3.333035293107282,1.19121083538571,1.4800914042742797
grid,0.35390625,1.1,0.6,0.005,25.62000630590937,2.7853886944709916,9.198000392823161,1.7999263854536702,2.7184373266384396
grid,0.35390625,0.5,0.6,0.01,23.794619694136745,11.1820908814695,2.1279222237022064,0.8025709727753526,1.6412768578440478
grid,0.35390625,0.8,0.6,0.01,27.284317668568175,7.326755614426349,3.723928994553261,1.3353502326911184,1.189897907025364
grid,0.35390625,1.1,0.6,0.01,30.3078804566267,2.695599778886383,11.243464513544223,1.9984146745910905,3.0508340430243424
grid,0.35390625,0.5,0.6,0.02,26.90753371358471,11.908606812665465,2.259503075117658,0.807231985604142,1.4739236433833638
grid,0.35390625,0.8,0.6,0.02,31.26946525725271,7.606077826250528,4.111115606697285,1.2721752134816167,1.1365081831688855
grid,0.35390625,1.1,0.6,0.02,35.112607034072994,2.6439256830377844,13.280481845363276,1.7733514521087521,3.572288828409866
