area_scale,discharge_coeff,PS,ED,SD,PI,gradient,score,conv_reldiff
0.15,0.5,141.2180036703763,108.9387998403477,1.296305851334277,0.2552429738540756,25.4250802159538,11.310047351443023,6.149431044660112e-05
0.15,0.6,151.73979546534096,107.5448839566725,1.4109438764792719,0.3362411491302125,19.179189102436617,11.390425814812556,7.020499785986156e-05
0.15,0.7,161.4564692893385,104.05426924890143,1.5516563659981024,0.42587703219685363,14.938341082265714,11.279862628912374,7.71094200417065e-05
0.15,0.8,170.84985128162532,99.50985240560402,1.716913925118069,0.5202340195909524,11.958284529165574,11.072153015807466,6.083893500508181e-05
0.15,0.9,179.9676005689409,94.73217534225357,1.8997515882934615,0.6139503513712143,9.794928003306799,10.835630089881331,4.5884704388847546e-05
0.2714285714285714,0.5,99.55454690124698,52.18488061326538,1.9077277888021122,0.6170956179341077,9.703251746581456,5.625661456170792,4.5679525130475475e-05
0.2714285714285714,0.6,107.96596226039105,48.08551634160109,2.245290691970474,0.7686911465395332,7.086135706396063,5.356913352918634,3.0030262753782652e-05
0.2714285714285714,0.7,115.41436463312344,45.28230977476179,2.548773797255588,0.891934361868613,5.40669013825887,5.186220477743735,2.2572089502371823e-05
0.2714285714285714,0.8,121.84427569213058,43.50273455897287,2.8008417614979333,0.9900665578407075,4.260478010822297,5.094352042404493,1.8652303339755414e-05
0.2714285714285714,0.9,127.33261742614711,42.33744045082233,3.007565315008879,1.069343236496414,3.441997253622112,5.047315479633866,1.6355381926129108e-05
0.39285714285714285,0.5,80.71563118678067,30.943664598520005,2.608470335819281,0.9145937965568683,5.093284818005533,3.2216724788049067,2.1606989388065107e-05
0.39285714285714285,0.6,86.61103303240773,29.475079265406617,2.9384495374049306,1.0417203137534399,3.6689684124295816,3.1069764226187138,1.714246206354118e-05
0.39285714285714285,0.7,91.2491828383372,28.636619162041303,3.1864509676229775,1.135943644032834,2.764822912865844,3.0467353568631004,1.4915468161732189e-05
0.39285714285714285,0.8,94.8834289821757,28.109179652487928,3.3755317713008255,1.2074337490551574,2.155400836461416,3.0119091095972865,1.3648992942143576e-05
0.39285714285714285,0.9,97.73433994151836,27.75437205451526,3.521403393654453,1.262451183131929,1.7256370488500086,2.9902384595999347,1.2858951921430834e-05
0.5142857142857142,0.5,68.08543517585515,22.128168629540173,3.076867151354042,1.0936489381619054,3.1270446077131138,2.0355447137112708,1.5850504021310276e-05
0.5142857142857142,0.6,71.94828187620465,21.522282764035793,3.342967038628068,1.1941291341995026,2.228540963754886,1.9667509746732983,1.388064741381617e-05
0.5142857142857142,0.7,74.74449213972737,21.166876183058104,3.5312008958389716,1.2648877796668472,1.6653302608338636,1.9253859230666839,1.2840660188204478e-05
0.5142857142857142,0.8,76.78056877241572,20.93983435452651,3.6667228342146965,1.3156378949505607,1.2898230236038242,1.8984586874991976,1.2224445356209976e-05
0.5142857142857142,0.9,78.27708314474312,20.785740608023158,3.7659030111502827,1.3526062825869885,1.0274024259735592,1.87991272975675,1.1828884941897919e-05
0.6357142857142857,0.5,58.58055813399068,17.349069626927882,3.3765821103782114,1.2061321200431672,2.1063812373155986,1.3091335242890907,1.3699814355345377e-05
0.6357142857142857,0.6,61.09566939257221,17.0386575281791,3.585709102464801,1.2844839391737923,1.4900848922378354,1.2554548518805602,1.2599369360336085e-05
0.6357142857142857,0.7,62.794652103293856,16.85456380201341,3.725676489817704,1.3366153043297093,1.107556446189003,1.2218634250000826,1.2001384374341879e-05
0.6357142857142857,0.8,63.95968838548751,16.736261774687712,3.8216233258386016,1.3720762966369124,0.8544661101578265,1.1995788516211427,1.1638805002425075e-05
0.6357142857142857,0.9,64.77219453488526,16.655684780250994,3.8888941157007877,1.3966989840701902,0.6786502576350139,1.2043475095118317,1.1403394447732197e-05
0.7571428571428571,0.5,51.1512980017351,14.315355392985472,3.573176955620623,1.2792339523844767,1.5107838986198048,0.8118023882989476,1.2670407749197922e-05
0.7571428571428571,0.6,52.80225319364325,14.134745308824836,3.735635276051057,1.339593118759715,1.0633714497637778,0.767646891032744,1.1972701512120815e-05
0.7571428571428571,0.7,53.85380413718718,14.027073956602738,3.839275696684942,1.3777000131607284,0.7876659818941769,0.7402014439712195,1.1585746098382175e-05
0.7571428571428571,0.8,54.53965154747673,13.957682850894326,3.9075004160867683,1.4024520265278506,0.6062188930736047,0.7521196300289279,1.1349408481309381e-05
0.7571428571428571,0.9,54.99754518012004,13.910335683385528,3.953718043325797,1.4189517581045257,0.4806662015913385,0.7639034258168627,1.1195156473660906e-05
0.8785714285714286,0.5,45.21956372852295,12.20587861528809,3.7047364760685566,1.3276583585667332,1.1342308469405706,0.5792736280516909,1.2104605701015006e-05
0.8785714285714286,0.6,46.318063628697054,12.091473531995833,3.8306384665303685,1.373919855162108,0.7955643036975822,0.560406696590549,1.162389316545569e-05
0.8785714285714286,0.7,46.98368250141235,12.023075220545504,3.9077924440766028,1.4018139179608253,0.5879647714170672,0.5787648973330699,1.1353295247714035e-05
0.8785714285714286,0.8,47.40069594015007,11.978922660783534,3.9570082621311142,1.4192636209821143,0.4518404115170014,0.5969077140562529,1.1185233546303496e-05
0.8785714285714286,0.9,47.67094047714844,11.94876332529635,3.989612914687648,1.4305759470875206,0.3578924257411089,0.6089662521961137,1.1070695096204805e-05
1.0,0.5,40.40588628036687,10.648806126568148,3.7944052882657475,1.3602317818895098,0.8816838714635976,0.5878965612237395,1.17619383437424e-05
1.0,0.6,41.148706934558,10.5717556290943,3.892324830259369,1.3957136528045226,0.616928373203903,0.555873629109942,1.1411041777626399e-05
1.0,0.7,41.58085909215173,10.525609209113082,3.9504467880254364,1.4163112757285448,0.45525577338856904,0.5670936951541535,1.1209596812724756e-05
1.0,0.8,41.84415893065137,10.49578989336048,3.9867565334097934,1.428865270819416,0.3495158375767154,0.5793429483413922,1.10786883946055e-05
1.0,0.9,42.012787318532226,10.475417452153678,4.010607454111021,1.4369162617587343,0.2766637136530176,0.5874354878614446,1.0986046143009857e-05
