label,PS,ED,SD,PI,TAMX,frac_above_half,score
baseline,41.58085909215173,10.525609209113082,3.9504467880254364,1.4163112757285448,21.92609516645721,0.463,0.5670936951541535
L_da_scale=0.1,41.231766177534276,10.52715315771098,3.916706212954889,1.4003089034048626,21.92626918022745,0.47015,0.5614767975743689
L_da_scale=0.25,41.28904390255544,10.526894883924605,3.922243392551307,1.4029498765945272,21.925528669056554,0.46890819323792265,0.5603202589399803
L_da_scale=0.5,41.385328663141905,10.526465229941182,3.931550407389048,1.407348506915713,21.926193456514163,0.467,0.5615565771744243
L_da_scale=1.0,41.58085909215173,10.525609209113082,3.9504467880254364,1.4163112757285448,21.92609516645721,0.463,0.5670936951541535
L_da_scale=1.5,41.77912754556097,10.524759084469471,3.969604169582468,1.4253990216008319,21.92599236482182,0.45975,0.5727062888022811
L_da_scale=2.0,41.99482971552715,10.52383154533805,3.9904505820534952,1.4352858029905315,21.92588457993863,0.45625,0.5788137990648494
C_joint_scale=0.1,101.49207972916408,0.0013715231124412277,73999.54022540266,4.648932683054802,21.830969627928102,0.2005,19223.278233858728
C_joint_scale=0.5,52.185254945231314,4.934774348986627,10.575003283776843,2.156236277214765,21.91340548696668,0.3425,2.6344649605535615
C_joint_scale=1.0,41.58085909215173,10.525609209113082,3.9504467880254364,1.4163112757285448,21.92609516645721,0.463,0.5670936951541535
C_joint_scale=2.0,37.58321924252226,14.497508307269436,2.592391633511052,1.0509024444056778,21.944374632798798,0.59025,1.039215024658175
C_joint_scale=5.0,34.866026954922496,17.32971477747311,2.0119215695485555,0.7906274006684428,22.109055604105823,0.96425,1.5938316813505673
C_joint_scale=10.0,31.984763906972503,18.358678830230584,1.7422149056992233,0.6125882506662661,22.19724606971933,1.0,1.8952725580516478
C_pa_scale=0.1_only,122.826518135945,0.12102972150637752,1014.8459122867006,5.631439728938437,21.789363684380877,0.177,267.17890904076575
C_pa_scale=0.5_only,73.98800619276574,4.950878510381768,14.944419669684125,3.1534795817505192,21.892331335838207,0.20325,4.759634496252979
C_pa_scale=2.0_only,35.24071167395872,18.391923438967993,1.9160971276822663,0.7678908455749867,21.929920125101678,0.777,1.7016237104038798
C_pa_scale=10.0_only,40.29765473020015,34.22187344127168,1.1775408730721637,0.2716021124809299,22.253434868642195,0.77225,3.214926585858261
C_ao_scale=0.1_only,67.46442286155536,11.767700088214434,5.733016847457066,2.5447122504384576,21.887233332276015,0.348,1.4036733740754583
C_ao_scale=0.5_only,44.175905876939105,11.73235281755664,3.7653066323434268,1.4801036914015215,21.919691316002226,0.46125,0.5036638812478941
C_ao_scale=2.0_only,69.7443457249855,7.807963068321775,8.932463577850424,2.8275700338159386,21.899734752509456,0.213,2.7248656059126253
C_ao_scale=10.0_only,106.4550079767422,-0.9431247596742718,-112.87478871142,4.923987112364536,21.81022182009587,0.214,34.25697906739184
P0_baseline=15.0mmHg,51.2646773700539,5.005498807118134,10.241672078145799,2.1172612556368144,21.848591667535135,0.35025,2.5325134318663762
P0_baseline=20.0mmHg,46.25403102513305,7.385567177861958,6.262759502584755,1.7755408296182664,21.891023963376455,0.39525,1.3543242286182906
P0_baseline=25.0mmHg,43.3630393600162,9.176511840055092,4.725438174747222,1.560094435074283,21.912876607479415,0.4325,0.8480245577383034
P0_baseline=30.0mmHg,41.58085909215173,10.525609209113082,3.9504467880254364,1.4163112757285448,21.92609516645721,0.463,0.5670936951541535
P0_baseline=40.0mmHg,39.622550239289936,12.38024004633235,3.2004670419155667,1.2415260008701705,21.94134663272674,0.51,0.6836590918851484
P0_baseline=50.0mmHg,38.636268621571155,13.574757840687987,2.846184740457441,1.142179698348591,21.94706539211989,0.54325,0.8346461302626709
systolic_frac=0.2,53.57022773474257,9.348404686176229,5.73041385488569,2.0171682034149736,21.921861069424253,0.2595,1.1303206781606852
systolic_frac=0.25,48.210222515137026,9.723041191686837,4.958348068745876,1.7554417024068056,21.92366967056143,0.34125,0.8930901978146562
systolic_frac=0.3,44.411063282135125,10.115216397904081,4.390520334427773,1.5641764498254718,21.925022078325036,0.40725,0.7125665149235221
systolic_frac=0.35,41.58085909215173,10.525609209113082,3.9504467880254364,1.4163112757285448,21.92609516645721,0.463,0.5670936951541535
systolic_frac=0.45,37.59401304814011,11.404341985463201,3.2964648987254295,1.194325242548244,21.92774507571314,0.5575,0.8045532345591961
ejection_power=1.0,38.21247521279934,10.546423560406657,3.6232638480647097,1.2616687684761005,21.927385275967172,0.5475,0.7391210732876072
ejection_power=2.0,41.58085909215173,10.525609209113082,3.9504467880254364,1.4163112757285448,21.92609516645721,0.463,0.5670936951541535
ejection_power=4.0,46.89818669718756,10.508568657301739,4.462852004549733,1.6597291155231613,21.924274629484223,0.361,0.7169606831805949
ejection_power=8.0,54.3485966072679,10.49812262266077,5.176982453029601,2.0002337117315183,21.921914604852905,0.2465,0.9251853601721013
rv_lv_phase_offset=0.0,41.58085909215173,10.525609209113082,3.9504467880254364,1.4163112757285448,21.92609516645721,0.463,0.5670936951541535
rv_lv_phase_offset=0.05,51.16201589007919,10.889587829282119,4.698250906476409,1.8369914187983478,21.922310209718766,0.246,0.769649245907694
rv_lv_phase_offset=0.1,70.69721150845471,11.306115217863516,6.253006461207297,2.7116521148042603,21.901490765501176,0.165,1.7299904146804026
rv_lv_phase_offset=0.15,82.41693112563463,11.750504350440393,7.013905843330526,3.2290624246634816,21.883847688069594,0.173,2.4178628669985884
rv_lv_phase_offset=0.2,85.83793464868081,12.222531732829994,7.02292589825054,3.365711992284343,21.87154743272464,0.191,2.5303859178531414
RV_shorter_sharper,95.62071702843512,10.09842829015282,9.468871222433377,3.906455362391939,21.8917570461567,0.103,3.816728075193745
RV_longer_flatter,57.837432663764226,11.072497968479174,5.223521632463961,2.1338720715938346,21.914819546521276,0.207,0.9155372064877746
