param_name,param_value,frac_change,PS,ED,SD,PI,gradient
baseline,0.0,0.0,13.858578825820311,5.694713423560638,2.43358669612477,0.847484852014897,5.443296475457334
combined_co_ml_min,11.114191815790255,-0.4,7.515735280797996,4.4532735936886,1.6876877476042946,0.5152368983772417,5.159011741046306
combined_co_ml_min,14.818922421053674,-0.2,10.566811976984738,5.204470098359338,2.030333881698317,0.6865213846067818,5.285544414662496
combined_co_ml_min,22.22838363158051,0.2,17.35820985025191,5.988658723400279,2.898513782798455,0.9964521450906875,5.627362374431337
combined_co_ml_min,25.933114236843927,0.4,21.03308469939773,6.143037118089092,3.423890218319317,1.1330361830325808,5.833246151505369
rv_lv_ratio,0.792,-0.4,10.175145075977515,5.710577337368893,1.7818067202055685,0.5882726894008168,5.4003166296280325
rv_lv_ratio,1.056,-0.2,11.6363829903214,5.70801016146401,2.0386058645937766,0.6770735705076092,5.307006722871045
rv_lv_ratio,1.584,0.2,16.149054995086082,5.67243873781044,2.8469333458715527,1.0153905431308794,5.6188298093335804
rv_lv_ratio,1.8479999999999999,0.4,18.102360641197215,5.6453171510759175,3.2066153515834204,1.1462743492320728,5.789649259982028
shunt_fraction,0.51,-0.4,8.47684101890108,3.6128033337788437,2.346333369338057,0.8243344660884774,5.356695499092998
shunt_fraction,0.68,-0.2,11.189432705855186,4.63900431265028,2.412033262254637,0.8416826470457006,5.403240147652035
shunt_fraction,1.02,0.2,16.48189108665912,6.8095199086986336,2.4204189586999787,0.8444926416248225,5.479455861510225
shunt_fraction,1.19,0.4,19.05749937217622,7.995118369240919,2.3836419289919277,0.835207988391594,5.513233189727607
p_pa_mean_mmhg,19.5,-0.4,0.074731921550256,0.07473192155007277,1.0000000000024518,2.451809462758204e-12,116.77637347436986
p_pa_mean_mmhg,26.0,-0.2,0.074731921550256,0.07473192155007277,1.0000000000024518,2.451809462758204e-12,158.78006778755767
p_pa_mean_mmhg,39.0,0.2,11.956566385287296,7.004492379271668,1.7069854227652894,0.5134142861788338,11.88873517617767
p_pa_mean_mmhg,45.5,0.4,11.199587102790803,7.81147890103506,1.433734539218534,0.35099159395983814,18.293114921294368
p_ao_mean_mmhg,16.5,-0.4,11.993757544838191,6.931207220453611,1.7303995052182646,0.5254835311889214,16.549971811592197
p_ao_mean_mmhg,22.0,-0.2,12.453364445042391,6.43123370278375,1.9363881053882352,0.6250812192990923,11.017376615396097
p_ao_mean_mmhg,33.0,0.2,0.074731921550256,0.07473192155007277,1.0000000000024518,2.451809462758204e-12,196.18770686602093
p_ao_mean_mmhg,38.5,0.4,0.074731921550256,0.07473192155007277,1.0000000000024518,2.451809462758204e-12,193.59581242681313
stiffness_scale,0.006,-0.4,13.559013044998224,10.370319321789436,1.3074826940486697,0.3365654763810524,5.443296475457334
stiffness_scale,0.008,-0.2,13.73415898806516,12.660877443241596,1.0847714978393133,0.11218643083533546,5.443296475457334
stiffness_scale,0.012,0.2,13.95342106624595,7.329144253965565,1.9038267746873996,0.6840538737260837,5.443296475457334
stiffness_scale,0.013999999999999999,0.4,14.029170780069675,9.095949580575464,1.5423536218834346,0.5072863493853372,5.443296475457334
