sample_i,co_frac,discharge_coeff,shunt_fraction,p0_baseline_mmhg,c_pa_scale,c_ao_scale,rv_lv_ratio,leao_diameter_mm,PS,ED,SD,PI,gradient
0,1.0086489419232947,0.7893925207629628,0.864818963909536,25.647916879342255,0.8315680448924789,1.5293331278562003,1.2170865274871936,0.42935953850856584,178.3177596756171,39.73622431374665,4.487536567834617,1.4161177597115355,7.378708348262387
1,1.0590261736264046,0.6823860189717492,0.7503697321801329,37.680643647442096,1.8274213075647103,0.9506145340497214,1.4102360256978055,0.8273858645831748,40.027305980747364,22.506370354100937,1.7784878392643129,0.6594195207080492,0.6751741645838045
2,1.1725469110631557,0.6130150878114387,0.7942116697076048,25.75868881934493,1.7336995086551497,1.439274556940369,0.8053410250277739,0.4787161326352549,89.24820353946639,67.92713877032416,1.3138813904886115,0.3144276505675235,5.372757328037865
3,1.1848925421985907,0.6857203624704573,0.8743127226484134,34.357036764520764,0.678840041276184,1.3945762590644133,1.281845308230782,1.6023598882692998,29.803198900916872,2.5767003711381964,11.566420075358632,3.057250809640508,0.12247289330691324
4,0.8310062395013744,0.7095950584186014,0.8382728732763514,35.472263381514686,1.483768187010355,1.3365601392176345,1.166619357808996,0.5517753569842061,59.14377817169652,37.66359857052716,1.5703167094070032,0.44737316757256385,1.8447929099149876
5,1.0030273161844296,0.6793491397659658,0.8224582778164412,39.11479682176372,1.8524032892110711,1.2586389829662727,1.437774344847815,1.0028967400371336,24.512460223967533,14.770234918061117,1.6595849937358529,0.5131433456201248,0.31670821861616266
6,0.8659166738010272,0.615811097280986,0.81986443897186,37.57951616808546,0.7212545880587802,0.8468769579657913,1.2860926865752174,0.8883406348802455,42.88870759420728,9.330440392278835,4.596643437077067,1.691305080657906,0.5094376857703986
7,1.0579933843197513,0.7903175520002529,0.7882696229583503,29.005102966899805,1.9587766706397405,0.8590564972424579,1.493351940370087,0.4648158988522718,115.9350407094556,79.92030431979427,1.45063312378731,0.4134755269496744,5.228292562179876
8,1.172504597334536,0.690663236363361,0.7652055041305442,32.45695941105328,0.625213905289677,0.5799006419734063,1.5170146164343759,0.6911634549833858,97.67220706033793,11.626974368171656,8.40048356240566,1.9687616811391695,2.189587526514961
9,1.1493001036753532,0.6768453885496861,0.7639089006699818,22.53450019239814,1.3015959218464628,1.260956295612753,1.0174418686947553,0.8049872530588889,44.81156015439003,13.450007457761302,3.3317126622507263,1.177614664548432,0.7030814339379071
10,1.1456452955281737,0.71921025082464,0.8636654059048755,29.187281837762633,0.611688807296755,1.403731765199748,1.2827531145026678,0.7929172295429673,114.05686252388159,8.133580179743726,14.022959140174764,3.0741025011419634,1.7622780800556148
11,0.7733149391808466,0.6837484800011826,0.8817398782813908,28.660353866169963,1.4651903152545578,1.352524663232594,1.0972982987111637,0.4600141236596571,76.6948633732145,54.324322035296824,1.4117960519301573,0.3424189585495791,3.647961387323347
12,0.7525124618628702,0.6257787097153615,0.8293732529517999,32.94989976369761,0.7180429317412895,1.5370838906912676,1.4426098943437187,0.84542360716423,69.43037258028049,6.466690458500937,10.736616052034654,3.119448346324316,0.8182286018021262
13,1.1714272755243713,0.7036628890116834,0.8405212810823742,21.709915254216693,1.9318316470238948,1.8426514323350784,0.8374891427107548,1.030534556771044,27.58271026861808,11.707871360662427,2.355911627223197,0.957380895386136,0.25275466728458573
14,1.0696949393571318,0.6834056214127435,0.8440848749635884,27.928612882425032,0.9527197458730392,1.096916948410621,1.3834232871407348,0.9098853324257906,56.08428809011606,9.803700750006938,5.720726235965166,1.867474415707644,0.6779811779706936
15,0.8926901679677046,0.6677716554784964,0.8225837956992583,27.68982710634261,0.9931810249102102,1.2935047722690394,1.3567965654186216,1.926067051750684,11.276958188262585,1.9235980510449164,5.862429618358594,2.0882030343244438,0.02430772786203425
16,0.8111736148670565,0.7997173362187467,0.8832393227761782,39.192896198559765,1.3471781737373796,0.9473493561614243,1.4736606607634417,0.5715464408786228,65.20987416159959,38.88540442723834,1.676975593339118,0.5152093659871786,1.656810994009045
17,0.8276073732020206,0.7202237900647038,0.8607060036452259,31.326281979546756,1.6915689595458439,1.8908900257228582,1.224137816409562,0.5689383591744663,71.6555731411397,32.86586270775288,2.180243183582597,0.8201486692566221,1.8073565552071031
18,1.0257012021030028,0.6889287170556566,0.8174245474091825,33.77309915738944,0.7232720373390435,0.6794787836589039,1.3452263042084776,0.7603475441196674,62.78759400139083,13.12816543315799,4.782663222906022,1.528366424016086,1.0728841554852753
19,0.9357668885649829,0.7222667359063929,0.8866061741154839,23.660986438859688,0.5751785444950747,0.895331579540079,1.509392883449838,0.2327088810838351,313.25029897964225,213.16678271725257,1.469508030222241,0.3786795282498358,53.63454237647381
20,0.852966337064786,0.7515429894403572,0.8425862240635398,35.57824164474263,0.7913864949537028,0.8689763130743378,0.9852992721853135,2.011018208312898,5.419070604011505,1.9950958661256262,2.7161955954202153,0.9875922410595825,0.009178525602900682
21,1.231360734776091,0.7527335986997905,0.7756186976180294,22.38352611129012,0.9954044797231062,1.6979329158257561,0.9466048432664687,1.0503622136600077,43.635152496218,5.416441340002273,8.056055582833965,2.3170423104600224,0.2782063322354859
22,0.7643869984481418,0.702562712106761,0.8909308286465725,31.5309739155094,1.929861625062765,1.2210300905869385,1.318952402431342,0.9290553467419864,23.90894104316276,15.020187533050935,1.591787119205583,0.5032537034508631,0.260767483416964
23,1.1639336080159304,0.6552564894526571,0.7601728957244662,34.42720202057834,0.6824129494511659,1.7143495355424352,1.266699693685582,1.0673677991631552,67.81380604833691,3.7164108681131474,18.24712295138846,3.7761450180823477,0.6368410682325788
24,0.9063174397764612,0.7200594212734952,0.8541812035713295,20.90342325547018,1.440103513940406,0.763245081283299,1.2531014795058875,0.5964035795493122,79.25680940106115,31.124048463460834,2.5464813645341624,1.0273120375206808,2.048478059026213
25,0.957061834378202,0.678958372117259,0.8584560793348838,30.23249479294526,1.0154684426565523,1.2033624200389887,1.6668973558761144,0.8800004175509529,64.09299109611484,11.07629674001797,5.786500000902906,2.0417831480480646,0.7940386015123135
26,0.9240459502310263,0.7566372126943555,0.8476517137673076,37.46051519107449,1.1159764444141078,0.776238982627449,1.3546475990563747,0.4950133710255387,94.44601221046472,52.13099779270087,1.8117054384040314,0.5948031708056767,3.653667403049355
27,1.2384158425230045,0.6591444294723168,0.8089738639603338,36.375977726998094,1.091017398717325,1.8362376788888197,1.5025585548811264,1.0930864961825684,62.37013333271607,7.1257402242616115,8.75279358632233,2.801319660395453,0.6184945603082922
28,0.9873605816067719,0.6604974232494563,0.7986185320790283,37.729271605310345,1.1443133953881448,0.5046179569675906,1.7462693311453312,1.6392568530864302,12.324056186961563,4.666409713729633,2.6410146007328508,1.044349089987855,0.05568176000890185
29,1.0510669079959705,0.6169795326887301,0.7783184448942472,35.46171323835382,1.385455991977294,1.5290542864167769,1.3506794650417413,0.527668400672696,95.50947541892972,41.00542444746059,2.329191240083469,0.8483672518326322,4.590023808700585
30,0.8793147573268969,0.6442367166241804,0.767265082952696,21.981118731241768,0.8658019435898361,1.6190638941166764,1.5768632215827059,2.906781100660887,7.140312302109447,0.4717950282264559,15.13435257881137,3.4721183750325553,0.007396866073751145
31,0.9377892196155178,0.6470020955973236,0.8386222081461947,36.832736878358034,1.2159408355982149,0.6256132094563785,1.3132036889703176,1.210641869041362,20.547918618881134,8.885008153766286,2.312650507829982,0.974660371469363,0.16203973916440112
32,0.8126803741050661,0.7678678880214521,0.8073606969082413,22.17388495097884,1.9331100435242266,1.0154755991760265,1.2606947750632527,0.35875598578612045,123.30732059372646,104.10933226358416,1.1844021848256292,0.18433410168916328,7.454208195127532
33,0.7624476531404535,0.6490442152498774,0.8479967099878774,26.74753585120341,0.532339443546268,0.9086166468617696,1.1876493231029122,0.8534817898059504,54.417049731593856,5.770298868102978,9.430542676463446,2.5766886866155954,0.5321157748920465
34,1.2393924453798326,0.7095668266181459,0.8267977527653839,36.220277186439674,1.5742214611808463,1.7463277399211745,1.3980134714173853,0.44069094628268557,144.43471818118678,85.95096768007829,1.6804315539389074,0.5116337610845034,10.514082029120539
35,1.1735568250852593,0.6684791248917382,0.77172897440198,23.67296742363862,0.7452605902844356,1.1381485469885426,1.092757057292004,0.8986111023255003,61.68817972223969,5.797000668794666,10.641395998849545,2.447060107522541,0.7121501305718192
36,0.7633942690724267,0.6177430909151822,0.7907502426706686,26.844960165577575,1.6650880724141124,1.6154410452606487,1.3043805113809943,0.46494594769580233,75.12875790553007,46.35688661185087,1.6206601304912447,0.47759106381554023,3.8259996452655383
37,1.0739424265304338,0.768509739036557,0.8082703282209689,26.304567250441625,1.1253264003337398,1.1626356851898083,1.6728274875571854,1.7375253908504125,17.182602734260612,2.73679009517386,6.2783780036916035,2.0428975072001694,0.04520422205341822
38,1.0172563414296318,0.6711156734650724,0.8782445684139365,23.26591502117793,1.6487356820423051,1.6367477877861818,1.3027584566245383,0.5676911275457039,85.01374045986445,38.84001264651206,2.1888185576453183,0.7629479074880295,3.403431124811822
39,1.106498144095987,0.7140952787998786,0.8041437282994792,25.452060873001827,0.5734493009147656,0.6297748075818015,1.247562623714344,0.47865033967381143,157.08381463289405,19.58532794955365,8.020484264419682,1.719470150994976,6.6046782801270005
40,1.1720313495623804,0.6596972928851221,0.7791071429213466,37.423037522923174,1.841719799201845,1.9686269310365303,1.2908832303236253,0.5078777245021511,98.77373285822932,56.044002959538766,1.7624317971994166,0.5650719780827992,5.351589806023013
41,0.8636714297671902,0.7608935134373216,0.8024011413831142,24.390303786178684,1.7117901932083146,1.215525498544443,1.2803196634287088,0.6004933101239532,57.85603566989879,30.995689755320786,1.866583261305456,0.6400135581752476,1.267045632435335
42,0.9944040569253128,0.7355414081991787,0.7947577644036813,20.302732177724195,1.3993984993877882,1.7293773564519637,1.4774174594035867,0.41103018397641594,142.6056399187652,61.199360314230944,2.3301818709631923,0.8130410115067721,7.815672024588903
43,1.1158569203376802,0.7935328327505644,0.7631620590959652,33.664350703407166,1.352556937624511,0.7539112593793138,1.2365301426928907,0.7907319260573049,52.309313051056854,20.962147962942808,2.495417604318509,1.0647246342529564,0.6737214381728797
44,0.7615848719271356,0.6038003489700629,0.8102936761059117,30.710264070229954,0.8938288302274069,1.278409136006264,0.7998815788080718,0.7180132018362557,32.675381984398776,13.092032975072598,2.4958218518554856,0.9394544675403965,0.5068704441104973
45,0.952600275406136,0.6948587348623984,0.8156131783384488,20.327496504374533,1.5583425751913866,1.6389235323687699,1.2463439676118826,0.3083490203324628,160.33213396075072,131.14035226038627,1.2225995370395422,0.1984914164922536,17.695139728053682
46,1.1122402024651674,0.6165663661848932,0.8773690462231969,34.412983838326696,1.9857223011569294,1.1687668512737688,1.1301512422689874,0.6109149149207527,73.08769383279302,51.32300720727567,1.4240727075406434,0.40408773277074433,3.388113527848991
47,1.1853636254291395,0.7375479476534543,0.8070304440372128,24.564652329670118,1.6725586983308325,1.9622232050681703,1.2244955780868951,1.0676339531709726,37.53580461230012,9.219648110718602,4.071283866969027,1.5627653909862,0.2871558528887454
48,1.0635630410125012,0.698970363937162,0.7609411669571357,30.905578950018562,1.8074136618074461,0.545092911515163,1.2461068409039562,0.5808636770606693,93.37505661098132,51.197347369958386,1.8238260653670506,0.8293346072155929,3.1835626659264515
49,0.7536139923115694,0.637098377024693,0.8811544095685554,23.745641477397324,1.456813624848945,1.468886078529061,1.45973465776189,0.4399011096592735,99.5560240778623,57.0286355625027,1.7457199018684235,0.5476017368026703,6.028329140344258
50,0.8199091029061079,0.7353760028787442,0.8910473311145234,26.318349722060233,0.6173615057824373,0.6241226909631165,1.2920322912373827,2.400910781716936,5.952482178288327,0.9325850510279199,6.382776746986608,1.787541020199575,0.0074696940522363505
51,0.7609033945592248,0.691409155869442,0.8824163503599768,27.318025010088004,1.1437116420626248,0.9222045329307542,0.9846265334589865,0.6480021354253744,48.03460988363895,22.901404399398814,2.0974525861348448,0.8090263268759127,0.8930672058987338
52,0.7958746559736039,0.7866241240573533,0.8181943795017911,26.025584423554744,0.8417611605472781,1.5931805413040903,1.5762346166359942,0.5046023181622833,149.25581185433924,19.75832107631593,7.554073611712407,2.1625840973760817,3.5109347999068103
53,0.8465016003722824,0.684511310434001,0.8707648460405024,37.15388450332817,1.8996583971725516,1.2465847129049674,1.1479000352423423,1.977227549712672,5.59536487597184,3.5969718274869433,1.5555765083323134,0.5044094844363254,0.014456112588477558
54,0.7987810607292519,0.702554501346919,0.7962348757406991,21.324532110564686,1.0194503936281467,0.9943817902112102,1.7348113863256664,0.9871379566817139,38.59119125097244,6.237000425667605,6.187460095746532,1.9937922096202012,0.28243253184750966
55,1.054713339292574,0.7085313642705614,0.7746870184234713,22.141804350169306,0.7866682966633394,1.5869313723434892,1.5398238129652249,0.5311026820453651,164.99396651636334,14.849880917694971,11.110793913489108,2.315473800341093,5.351376961412452
56,1.079981740193703,0.7587561121414068,0.7971524506478983,34.82790231541464,1.3067001206547086,0.9183881574253177,1.5244196729399269,0.8189844096106439,45.7548839699812,18.424961707668967,2.4833095827242224,0.9008697379884206,0.6819318826603084
57,1.1531898426599239,0.6096369897564333,0.7701092142679802,20.274814226193193,0.771284564781437,0.7449716127352192,1.1970925357863964,1.0802004352841428,39.04948045596013,3.1618884155170557,12.350050135964228,2.213504264209517,0.41817646183261364
58,0.9681738490476763,0.64227104145285,0.8187171304452443,39.18063755007446,1.6925166824196214,0.5128104544546248,1.169064877083839,0.6203487294779296,77.58246973848436,47.57503376878803,1.6307391417845496,0.6971927263657668,2.7132409237206043
59,1.1896379344273684,0.739868088430263,0.8359371033913767,28.911523601094476,1.0364832338704788,1.9485163960650307,0.9963287327191748,0.5117461535651798,135.6094562869854,32.51469621107085,4.170712695781302,1.4245112830492084,4.5984087656516595
60,1.094863451581692,0.7779438878160879,0.8144386270964363,27.314817465412748,0.723606395932877,1.1086948639721899,1.7974781352510154,1.3936837378749989,39.208895926749264,2.705066447104533,14.49461471407401,3.152044534912054,0.16512802553548775
61,0.8789344113191088,0.609078150961598,0.7923960666573986,28.525296721276128,0.5016153576615403,0.5645331146588402,1.3192886203607141,0.6062227723672736,92.53169745072339,11.279120570940012,8.203804265478448,1.957716605368481,2.5369842329052554
62,0.861970410173265,0.6750353361240972,0.8036699686161427,38.78714810812258,1.542896698278326,1.6828582124609777,1.166586455831011,0.8010967767342702,37.90881555848429,15.8926803191219,2.385300326771993,0.9667578213957074,0.4847367769995901
63,0.9953944094458881,0.6144097836138898,0.8471036616402157,23.790219505881304,1.2698175921122492,1.0362412819243156,1.2744902486740386,1.1093797200976303,25.0139724474498,7.754416413308716,3.225771110836778,1.1458190916222422,0.26885631298220913
64,1.0061359464401787,0.6246868237889328,0.797679937407968,38.56527303955015,0.5133392352261869,1.365027115154986,1.1704860761210925,0.5765655486935343,146.6199376505148,12.449239952988952,11.777420806746733,2.6942728809917447,4.6043290841907885
65,1.0102100292396665,0.645802379877449,0.8697604208364135,29.63101606082345,1.5594172974249565,1.0575898275057636,1.6005066743117737,0.22491160448634107,275.5755957131862,262.9937441779224,1.047840877639857,0.047563563340550445,68.0188627106465
66,1.1704595131914073,0.6918719446838191,0.8916882516696234,28.455872232083873,0.8929951831595235,1.6362073948314757,1.4174972995218982,0.7174427228949638,121.83330478736198,15.19123098207995,8.019975795976004,2.3070165018579982,2.735073628049287
67,0.9642136967928734,0.7067733755335123,0.7776935703111039,27.676952631697922,1.828908796287984,0.8192778976225975,1.3663522130201626,0.7339294287191339,52.56839818523967,25.919328178148803,2.0281543496778314,0.8505304422992539,0.9757399285593817
68,0.8674262246415041,0.7488099500487825,0.8253858525589262,38.53833722638799,1.3068295411036492,0.7633617611860855,1.3947226054294612,0.8135541581269514,36.47167379303884,19.103830102763908,1.9091288813211431,0.7027869767879139,0.4646465094290622
69,0.9889887916891197,0.6330680946764256,0.895404473669364,34.138844140067704,1.3375705158510012,1.3448982256652728,1.050631035882995,0.6944781733880826,49.5708571363175,25.93307260117435,1.9114918582409992,0.6418699249364517,1.392948524372655
70,0.7761216536022044,0.6392755180539296,0.7887554321335715,28.094471294549784,1.1920583936357807,0.8457837704897653,1.6321052690743287,1.248308067240633,15.255420274972906,5.571779756282225,2.73797977347764,1.0119035901381648,0.09658518806538235
71,1.067680074643373,0.7168408641431026,0.751508773146852,26.817403732286945,0.9986237393024692,0.6669549808457091,0.8590073524303794,0.6288891360625736,78.265183730677,22.319827015640435,3.5065318237382983,1.5447388122332137,1.5730953645003607
72,1.1857066692004194,0.7184264714885747,0.8016383526865684,25.036455400998364,0.7240769190528327,0.7830264419858574,0.8418454398191657,1.001548240155953,37.026118479107815,5.1938110482485484,7.1288920862058935,1.8748791647100829,0.3023900491150414
73,0.84473161932232,0.6383602573517194,0.803548324140715,22.232440364798858,1.014912237279674,0.6558400634517729,1.6213878355703182,0.7150793283194159,56.05400776458093,14.115107301065144,3.971206634777124,1.3142539282719417,1.1680245190612608
74,0.9117530853423488,0.7912894843181888,0.8126608400505956,28.69838138501694,0.7066930959407566,1.4973761283746894,1.2216323190395202,0.5087946323998257,153.8271616293918,19.118385531983602,8.046033038304971,2.234748343349578,3.570653367826631
75,1.068861227512657,0.6678587601292232,0.8293035738999146,31.19221166783256,1.9889386601882246,1.9980570181338957,0.9451728801513317,0.5879179225452321,58.27173640836324,40.99014723121749,1.4216034911917648,0.35675630589162965,2.1120422169759787
76,0.8345553631688529,0.7113964567639897,0.8609711829843304,21.602238758285075,1.1259492646730465,1.3766260307755256,1.315071842174739,0.40428231338317916,129.6340317524397,59.01147875380907,2.1967595879652837,0.756673190281732,7.200856513323535
77,1.013000206299771,0.6771271472483973,0.8192449182299981,26.59221332185492,0.6166037324111742,0.6288977607349757,1.5026282340229595,0.8281506696518424,69.34447441663485,6.80305731457037,10.19313394113513,2.206370457466503,1.0098288541210863
78,0.7965895135696319,0.7649579348523768,0.7822656739976717,38.90310777559019,0.9626581471504573,1.9499215330145059,1.2074844383132093,1.3506152722376894,25.194431423377456,2.890740033320965,8.715564572727548,3.038496807882706,0.06801815821306381
79,0.8388602127821461,0.6530964064662376,0.826238079788109,36.92669035726529,0.9033875475942519,1.0135449169211665,1.1520206278608298,1.3692675728878132,14.121765196570427,4.447231738700482,3.175405741437015,1.243909554197696,0.06303047649832198
80,1.0210095822820409,0.6093877091631421,0.8461307015952348,32.849775079328865,1.4522407889963878,0.9985156835408908,0.5960531408230829,1.0638101828415483,26.548187036407757,12.378148806043969,2.1447623107782388,1.26549732816087,0.22615714120097388
81,0.9378725222243676,0.6547245774698854,0.7616534852055674,24.5711584263981,0.7959377537717193,0.8717891376647406,1.2907238524878255,0.6002538938434221,85.43820929102499,15.788851390923856,5.411299858084593,1.6244482666025961,2.1396001469932324
82,0.9774434762047678,0.745404834454142,0.8287335662385956,22.682995454201095,1.1747623494326669,0.6138995509540659,1.1601879275755191,0.7801875910420911,59.401812983824826,14.88664460831818,3.99027548159731,1.5948060221391813,0.7857482293255307
83,1.1984545479914235,0.7265199983955958,0.8452851424497091,35.44910697363479,0.6035790130197751,1.0667477360775508,0.991712284095606,1.68885554252252,18.908053560334167,2.2314487400707774,8.473442934536976,2.399569583432236,0.053986805406336345
84,0.8559044487472321,0.6316579713892785,0.8900527383565238,31.21662708830321,0.5536622125099528,1.7234437147464439,1.7316320907747427,1.0369562335259177,73.66878885281518,3.61686876622398,20.368112202679,3.979316100412655,0.7937191242706738
85,1.0535027980751652,0.640968970312498,0.8904107339461572,39.05814754526903,1.7617508410043126,0.5952886590547517,1.240285561480444,0.5568552002259691,99.86864047332477,68.42643180145122,1.4595038473306263,0.4853843618125059,5.387667893604853
86,0.9510039342758609,0.7768157562761522,0.7629426186682107,24.311711697313754,1.9022490896252382,1.1473553510770875,1.4310066183991914,1.0448140976545168,23.4599799556762,10.730457722403091,2.1862981582506364,0.8288396957892741,0.16769490885707836
87,0.7850520879831449,0.7255224004654368,0.8036289513714374,21.433082161190335,1.8699788476703147,1.204161368510415,0.9221909846083176,0.8184625259284786,32.20674917283948,16.018347515247285,2.0106162100792884,0.913378366165158,0.3243595159292341
88,1.0154931999028198,0.6862233613660801,0.7827842342175668,35.515423425606706,1.0116357728442429,0.6080715557609886,1.0498759938276025,0.8341809049014479,44.76523983816527,15.883286475345928,2.8183864786201505,1.2610372296470223,0.5979757999381671
89,0.7649831023470417,0.6015282330856802,0.7857670791775951,33.204857076560955,0.6662654937542233,1.2082912826392307,1.6869425788040058,0.32154638315853395,181.81141940007464,73.75622776335254,2.465031427358488,0.865653077752833,18.310307929641557
90,1.0579862636413078,0.611932371555098,0.758615120188966,30.294507236101616,0.6894225704485686,1.64709206645218,1.4785332935280222,0.37635706125264456,196.25009630119277,41.391415652968526,4.741323610349095,1.3647189217137128,16.240565795474275
91,1.1503123541358695,0.6659808483432075,0.8444728787567082,32.50940480776477,1.3297617524183416,1.2214954325884844,1.3505055319054118,2.8035790044321005,4.8124591044236835,1.5347090794867644,3.1357468127008543,1.1742160794707155,0.007750682228996383
92,0.8551195610598501,0.73062385484683,0.7986098986546335,38.51803548283139,0.7191131269050192,1.6492754747757845,1.3868550327404074,0.8992568748351873,71.7907701734982,5.706725103773733,12.580029503440516,3.4377900705900326,0.5978653059315959
93,1.095706804185557,0.630504748619368,0.7833479427460653,24.310545404714517,0.7356323243297227,1.8824997460023538,0.9789055805577436,1.038867260971326,55.39116427128722,3.763157225792571,14.719332982326058,3.35506787728569,0.4875123860370888
94,0.8889458005450954,0.6928103783588657,0.8375130208764197,22.617494590417916,1.9557582380842207,0.9277045357796889,1.3174942140264554,0.8283611470257871,41.19738160660473,19.067013231011124,2.1606625593357305,0.9165299892783824,0.5940051783724284
95,1.180832571123755,0.6074949550471609,0.828303318691145,21.116285541787057,1.888356196787981,1.253402164994675,1.289279172410117,1.8901367905413031,10.361173338278492,3.4583884128703457,2.9959542137371056,1.139333033473181,0.04513350935213578
96,1.2092832833588782,0.6651692396487404,0.8088739610295809,32.678629857307584,1.7018611863150521,1.1380285196590711,1.2588122721687505,0.6437289731150085,70.67952174613944,38.82820554071978,1.8203138868216988,0.6257946524509629,2.472886437222645
97,1.04341649582696,0.7207272751918304,0.7723284019671859,35.94781059407175,0.9219784940170574,1.7575597298666925,1.7935830259271281,0.44685474062962144,190.18379962550657,31.436207987172708,6.049832718472582,1.6644961201283337,9.099956635109589
98,1.205398253998999,0.78214657867327,0.7999610710160868,27.6193367013293,1.770549196845184,1.1714571314482942,1.291138359975523,1.4536842633950329,16.24848513446659,6.534501623520624,2.4865683828099376,0.9614546297064899,0.07334854514294886
99,1.158704683794067,0.7680514201286968,0.831716691179512,39.55187936805115,1.9946025726003722,1.736111301668602,1.1789531010544447,1.1908434779549255,18.54181679846637,11.051185064421128,1.6778125323555615,0.5186919523976737,0.14310843752089913
100,1.1408245381209057,0.7348321363776155,0.8865210138801154,32.523591438893305,1.779041825549969,0.9043472779999993,1.0100897829054996,0.36516822131162885,168.09715557534395,150.98537799282394,1.1133340049877762,0.1211989302839765,15.239541518704486
101,0.94543286301072,0.7788754851339006,0.8373356044531817,39.694869539440695,1.012979418343517,1.2706052075047096,1.1993867954125261,0.8186078190190204,52.88731639891245,13.983996853568184,3.781988579711216,1.539539875107977,0.49992656986142414
102,0.7837364940012814,0.643917160093286,0.8293859119440726,21.17089143245532,0.7252461605834685,1.8630597439663212,1.1360838179654948,0.7911548973081718,74.25729587869665,5.729736832334709,12.959983687145867,3.1813050025215204,0.9012381001928358
103,0.7988163162069299,0.6117052960377821,0.7685023290959361,35.27015240199566,1.3146568187530845,0.9558030696848477,1.3907275471331177,0.6923654043132074,38.55061439773766,21.32902016102838,1.8074254750893788,0.5918840786169964,0.9257325059504214
104,0.8186529960030353,0.6905922345534714,0.8961667845072647,22.652029447322054,1.6836769858031753,1.8293516655251403,1.4907177272088237,0.7224898652094615,62.44263491292492,18.8531769967384,3.3120484109244557,1.3228875532099464,1.042989560171961
105,1.114619449017957,0.7982658734102069,0.8114788839087791,27.70274829017822,1.5901782162730416,1.1972098403875993,1.2045316062545506,1.132393832233948,23.571583274106285,9.69751626326189,2.4306825205753935,0.9167399704718452,0.1553568937582449
106,1.2268127212533657,0.6672090908036301,0.7685109929281307,31.54739665836845,1.714745122224444,1.2876170278731496,0.9684204516677182,0.7111204743348942,55.76409020870839,29.187133049786624,1.9105710079022666,0.7453594572465261,1.3443678948455742
107,1.087916949765377,0.7916792438345917,0.7736042518630379,32.85175190991064,1.3287605166569607,1.4567709158381559,1.5772795137074098,1.5720542098821384,19.93092198657837,3.9098459150430287,5.097623389682615,1.9560279211426972,0.05592052355141672
108,1.1772787835722403,0.6575872255528018,0.8135438621904828,20.692967639133045,1.7502728972684527,1.8359654241178858,1.5180344091096307,1.4766136112604449,23.544752919774606,4.564560648383523,5.158164111175226,1.8254286994846525,0.12625207294592256
109,0.7645694228962182,0.7157312246422867,0.8664287132936196,29.233768374693263,1.0084281361484817,1.2628981660451244,1.6270107157526605,1.2833259633606535,25.633498714390296,4.467529032752006,5.737735228236449,2.1618089329555352,0.10367454127963789
110,0.9072194216345562,0.6722882405710441,0.8703380454199245,24.280395181174597,0.9719684574523738,1.1497957711387206,1.5916832094343687,2.368379436329006,8.618093143486714,1.276656409110643,6.750518841236489,2.1604538144348355,0.014078968782053114
111,1.0447114788319882,0.617072958164917,0.7825283913038448,22.062619335583705,1.2290184730164673,0.6023017089107878,1.574659930627309,0.9625242251259599,42.39637934919709,9.078804250147787,4.669819745095501,1.5807872109722738,0.5939297504910662
112,0.9761479557200543,0.6848458527213896,0.8619435522471456,22.721852361281677,1.5728802928542143,1.3937043515299394,1.6370854178941392,0.2686076118839312,225.06434246423117,198.78731374262074,1.1321866482668634,0.12369653654046227,38.201432432426714
113,0.865506234159165,0.607175452554547,0.8979530126307327,38.31527251748803,1.7087298879909059,0.8941216805395402,1.512964409047356,0.5048604888495993,84.1929175020484,66.26893316840935,1.2704734100379858,0.2524948246943806,5.525395281965509
114,1.1458520782698083,0.7591784903333108,0.7688085381031504,26.73108995957342,1.9360927512868868,0.7345058428332777,1.5861166301558856,0.43837514455599363,136.3054215969813,93.17700068844093,1.462865520352499,0.4218413591074269,7.809497892250134
115,1.1581382969550653,0.6888402754672817,0.7911926144018269,29.316280971538426,0.7207987411724011,1.194409386300424,1.1591274206779338,0.6211356198321218,119.00288284439699,15.299567133197154,7.77818625902058,2.1182533438713094,2.9028560914792294
116,1.152923338277949,0.7286454131324789,0.7949683097529444,26.256106972669528,1.587527794818378,1.1794261262431516,1.5530392509184,0.3712824264715637,158.82768179742382,117.35473290817689,1.3533981788505884,0.2979602057777337,14.542491990965663
117,1.2314934712057275,0.7660098577615437,0.7609343004077452,26.437145268089857,1.929651052029599,1.5586954340090113,1.3776031914102331,1.1333708003984675,25.805332756161892,9.908723383169205,2.604304485883056,0.9584663691519933,0.20067869949308909
118,0.9851671554340411,0.7164756832604741,0.8472769394018672,24.038607030085306,1.7278503620208654,0.8697784291093567,0.9645933599777898,0.40786603200621496,127.58427498605225,97.8813609734548,1.3034583266639785,0.3240789191382741,7.8681239715208
119,0.8799393520614347,0.6659938568263308,0.8693527482534816,25.1146287496683,1.0095837491855482,0.8829484693235642,1.5338643926734057,0.6307243473438332,78.51126259838001,21.69445886485449,3.618954641250353,1.2562382621629802,2.1056916956202203
120,1.2299704646795027,0.6999939933414793,0.814049789505989,38.772310232931865,0.9742021339895994,1.1651529784138255,1.3483318612855109,1.1461610109030471,39.89282665857362,7.665764381899519,5.204024630964261,1.8764366899858094,0.30823434766416025
121,0.9068161365352945,0.7111268314462174,0.7502895064104242,31.438458389915496,1.9842777751601217,1.2523105934275065,1.2724002646311952,0.2902991919526084,156.7837861631285,150.68764688393563,1.040455468017815,0.041001180734451026,17.335887014878093
122,0.9310386350821979,0.6810588077724145,0.8594067655295683,32.475759967759956,0.947069906496143,1.1633337209119838,1.0636440364960558,1.1803393296549785,21.806182066045615,6.192226660951873,3.521541322696601,1.3425430019844886,0.13231100927084616
123,0.8745626857487618,0.6073847758563269,0.8837548714871164,29.280168473122323,1.8747575276019908,1.7306916273931083,0.9051697066190338,1.061885591937561,17.979191467593974,10.86893508883471,1.6541815109433664,0.5544940399147449,0.18689606345203508
124,1.053402514199569,0.6114746129314951,0.8722244875188823,38.33546816459959,1.9788349599751074,1.9163080662077807,1.5700958246413608,0.9015048160963244,49.41202594678612,17.718595900116732,2.788710021117452,1.1713417318864299,0.8686397741410984
125,1.1141667761483827,0.6051680103609771,0.8987485565955389,20.813773912426786,1.2545341984024971,1.5378184997973923,1.3331617160301275,0.33720933601483827,186.85859463241957,144.62795208476476,1.2919950254353594,0.25253132920750476,30.315395853489463
126,0.7519287635764189,0.6362377583865769,0.7824612629256879,30.898537469669108,0.8248175882294327,1.703216731814946,1.4792676040084867,0.7622163671814122,79.1706225878635,7.3291266394604575,10.802190558640934,3.0492563178862087,1.080803544793906
127,0.8298027639966103,0.663223358026856,0.8543784185005294,29.416553378079655,1.9101783554655916,1.367883016449711,1.8192900811740405,2.125475734704141,6.473005309985315,2.6584356818702024,2.434892577664912,0.9567390012683825,0.01525856467579021
128,0.8214902693422175,0.7055554240434241,0.7617678491519251,21.879720844474967,1.378351454500952,1.075185034905819,1.1020168864280342,1.384981835697373,11.004777439077502,4.2979055256526415,2.5604977525434123,0.9979093902997499,0.04027996566081797
129,1.0645470257556242,0.7464180952216193,0.8317801354998688,31.616846152247206,0.9615232088114265,0.6628578070310276,1.1879945041649422,0.2672694582014545,239.2450469464275,199.30805727905232,1.2003781995198477,0.18660957625475139,32.709771874798975
130,1.0218870333405317,0.782849510468876,0.7562145406035895,39.1888699823391,0.877673250776194,0.5325952544868515,1.520269336771141,0.5716962547994572,88.00514688103728,31.509834160977096,2.792942242457943,1.0235247120306172,2.203871626936331
131,0.8413282497652323,0.6653742920346633,0.8935363507631183,38.18644268210056,0.707104700613913,1.335946678313412,1.4598833442518404,1.6950675598101672,19.83958550587396,2.2654981128871126,8.75727302221882,2.879446379104188,0.05833482384861196
132,0.8479193506558053,0.7602545775954972,0.754893807144175,31.37673389303877,1.7450811326043565,1.207529793212582,1.2414694907337371,0.39703117971333074,97.3146287724689,79.99647599979495,1.2164864458869205,0.20464457508586212,4.951954061207098
133,1.076181013739476,0.6590870766913004,0.8834954117071622,24.01441860364744,1.0029779304735442,0.8156933594538098,0.8913096652157987,1.2825359885787793,22.64848107016182,5.02299007751955,4.508963927984919,1.6472329520904918,0.14039254943622753
134,1.1103348014569085,0.6740674870547456,0.8796868821451472,26.28364864534846,0.677238250588533,1.044733663960059,1.458078540934519,0.7886463177417644,100.70061366309106,9.187044298952115,10.961154685471266,2.5215847723569036,1.8390521275020866
135,1.127368667796602,0.6384982639848404,0.8898203309022543,21.451739044512944,0.7687111329781338,1.5420749853445206,1.7987088907764899,0.9062698775827106,102.14809852081775,6.1917622993267765,16.497419245555374,3.1400707340947975,1.7980540885019771
136,0.9318721840483823,0.7986996534521653,0.8357843297961874,27.342524475490748,1.9492453342280351,1.8817592731694819,1.3255028791342591,0.4741617195073202,97.14285733757573,57.05053696909131,1.702750973057546,0.5278559364699829,3.658187802618903
137,1.1128850405436017,0.6420691892672796,0.765392009425207,23.20233350831251,0.9358744965677166,1.4690257330723124,1.2526016838538243,0.43117029973564713,147.27286241517353,40.16661108610528,3.6665493660758255,1.1912333939197672,8.900987291057607
138,0.920758386904848,0.7299040294084945,0.8294962400169106,22.84749669735015,0.7306344494358623,1.8115408911700501,1.6502973028928938,0.8653300560368956,95.38112120576822,5.052645846053722,18.877460267725656,3.649511256075332,1.0766238570393256
139,0.9351811215105944,0.7858493810024398,0.8797393034547136,24.353570647996747,1.9229445297237684,1.6853398917387454,1.2590151836834105,0.9264312164233535,30.27801520939392,14.099040404838698,2.1475231178855765,0.7706727161824279,0.2964343914639571
140,1.0542109330149676,0.6286510308761964,0.8763760436332256,36.18111436597988,0.8352338581466197,1.2442633475946105,1.2650182160346248,0.533611787186525,127.0935473731411,33.255609670333335,3.8217175578205898,1.3454748011870838,5.778048491426824
141,1.2108592815256551,0.647055789469571,0.8771998175399677,21.429106316365004,1.7792396786566114,1.1320304287489475,1.6440174379158972,0.6961591181844622,79.11758805487419,29.562084909664083,2.6763196268680636,0.9414066508000366,2.880329223042744
142,0.9389702132844755,0.6999627639027803,0.7709027852912882,35.25299651326393,0.6658034528679746,0.7627440911273078,1.7234097212256303,3.120811501211248,5.1106304180787285,0.6180227028069656,8.269324726853915,2.4301368821298497,0.004151363250765254
143,0.9172777788018318,0.7964159886782307,0.8077010523343737,22.106733720190377,0.900983751106153,0.8942333858317933,1.634352064848657,0.7286180628281144,77.68124398962745,11.193331552446224,6.939957386739853,1.9715502841560049,0.9606965790834485
144,1.2131223039269803,0.7657188247225196,0.8353740383737611,20.706677198036957,1.551948036493605,1.5833245585774636,0.7439971227052448,0.9544276676544026,35.08842310077342,11.460433770892157,3.0617011364694533,1.2697763146672643,0.2934105112094928
145,1.1725253494612662,0.6607376140031755,0.8878504238253749,25.24540126294353,1.6961226441325914,0.9000145213819558,0.8633292979367833,1.102938160944072,34.990731191516424,12.152695871292822,2.879256714896631,1.4676561311675416,0.3503067302701153
146,0.907962597863464,0.6536460933073978,0.7902682702630972,32.09126016686567,0.8962781263769659,0.8547257506484338,1.1849448713403377,1.3291383681950515,14.49651809246363,4.541419802192925,3.1920673982756815,1.1503471690054647,0.07770209817077267
147,0.7926592605860734,0.7896852681715693,0.8966855677641613,39.739067854542824,1.2529226343748685,1.386074718241265,1.7546145754782951,0.35644199329889553,172.69474844790622,103.10312969830551,1.6749709630855605,0.5148467996324837,11.898678788354525
148,0.8386878324537397,0.6900049627370565,0.7817154814086915,39.16867875945456,0.6298487029876448,1.9741814022990107,0.5459892256135498,0.5671361960052483,72.5485357964786,13.043227805013673,5.562161213544989,2.1162885792736414,0.9612794779339501
149,1.1071498703426754,0.6606524996416457,0.8275663451331718,33.816963527704914,1.167175152233239,1.7931208129931835,1.3307664653495608,1.5400466514306854,24.515084770454717,3.7395794107195384,6.555572720339085,2.3970014386454888,0.10241838181719141
