sample_i,combined_co_ml_min,rv_lv_ratio,shunt_fraction,pa_ao_gradient_mmhg,stiffness_scale,PS,ED,SD,PI,gradient
0,13.797022012050924,1.4767545236544644,0.815761384716134,5.893860711323764,0.019669842679949038,10.197652328820975,9.195372727774933,1.1089982571362902,0.1345711665757015,6.220106593529521
1,18.927304161555814,1.3206274596495653,0.7608076700039642,4.073755920407485,0.012498237512383398,13.36461755052859,6.780384872262127,1.9710706401345885,0.7399923447567797,4.491999785608896
2,20.48945295694244,1.4900938602184504,0.8071411699722808,3.2637453876236204,0.009322183989619903,17.743774834169155,7.348435981980856,2.414632838563032,0.9876134150684801,3.808352463356975
3,23.046488157687712,1.1594957980047527,0.8178185942726525,6.724824078756087,0.00537348841325522,14.700784617251948,10.287705686736281,1.4289662889759138,0.41853504650313716,7.3254483991381765
4,19.61609298385176,1.5720725202316417,0.7845454318531447,5.193959676944122,0.01863692562330097,16.273681186692148,12.937797607553225,1.2578401425286942,0.326114501786758,5.86238862944846
5,14.428180847927676,1.333111045177309,0.8625614788653052,5.676052963535655,0.01201629289617471,10.308419097169514,6.390327855239069,1.6131283606549582,0.5029268341202134,5.957115742850433
6,15.223824902305525,1.3148288978909994,0.8058577034077589,4.909604619406354,0.010488355786708894,10.379229369724266,5.0995001326183145,2.0353425041279682,0.6937298712690204,5.200757698847173
7,22.250889736832793,1.4704426036509253,0.7970992015818993,5.290501330575816,0.009140735724960426,17.63337619703227,7.951116586540423,2.21772326001129,0.8675929127880951,6.030822093763721
8,17.976556551265045,1.2376678849288612,0.8486099194169637,4.481404331952141,0.01188639466837147,12.889565266575874,6.978672677763428,1.8469938141169286,0.6457774687249219,4.83814344133265
9,20.934497759850363,1.2712754243037474,0.8859634903746508,3.7218064768107264,0.016116783093698964,17.29013499810366,12.37349721731935,1.3973523163606831,0.4381349547002021,4.190687273553745
10,17.63835188443886,1.2788140007035678,0.8451569802950758,5.091624804113382,0.011223289676591648,12.63510878467577,6.435628496373264,1.9633061156025653,0.6839483139617097,5.470121048946882
11,12.965838374246616,1.0916669136741812,0.8564091590587819,5.097382387060788,0.015442406952754534,7.757934070591013,7.0264711016516115,1.1041010428076004,0.11341967400003831,5.22589096731037
12,23.555698385332477,1.422431758450234,0.7579693036009436,4.2354107394551885,0.013888920309850596,18.619486008509877,9.405146245555745,1.979712544853646,0.8209132793454297,4.937804606033702
13,15.559836520557853,1.580383759740231,0.8917572335689191,6.393603523350755,0.012084859944326034,13.14280081131212,7.1614574764915035,1.8352131328650938,0.6486532314123502,6.878472305506357
14,22.29039153537221,1.1134219597148318,0.7963100485946754,4.851985576617668,0.016127708010252,14.594578631368869,11.999242823654162,1.2162916315518266,0.2556012370910452,5.324651560206548
15,18.342660038668754,1.1166506265265725,0.8015304794556537,4.297704678689772,0.009506283564770596,11.416481782657334,5.493980080286764,2.0779983938459123,0.7050126373864124,4.592520666585516
16,14.78706554517024,1.2723449926410213,0.8172180986254085,6.099601503256069,0.01694586051173823,9.629689965881742,8.50559570807488,1.1321593802935743,0.15013925584463053,6.35276079496588
17,18.748530420817893,1.297952965851435,0.8667320402315846,6.549155807410939,0.015123781548001813,13.724027242909557,10.609984627402687,1.2935011430143029,0.31218850826192973,7.019549194638043
18,21.835317443882946,1.5659023580900238,0.7560983714155028,6.502686899480333,0.009148446086767013,16.596600425671937,7.752662090105064,2.1407614871870444,0.8289174670165002,7.3198133758896216
19,18.230985943609113,1.4861861358818653,0.8575863348412845,3.588590287766772,0.014881223884312181,16.318556323122042,9.324705027491326,1.7500345882267878,0.6901877097609744,4.065837111742242
20,13.718697977109173,1.2399595518776123,0.871924432524556,4.710819332110202,0.013997816563151695,9.487206650058,7.070772164110312,1.3417497311273838,0.33067524452121433,4.918577456844074
21,21.032590242933185,1.4998874606516734,0.8640772679970425,3.028573101115994,0.011303852505088027,19.890448922253626,6.762506113839571,2.941283687943368,1.1309456310997874,3.57152702974825
22,18.090812020223435,1.0710797217431247,0.831216319814283,5.431083005775468,0.01742679792494188,11.201604806283816,10.529070290473934,1.0638740645903324,0.07861284678594457,5.724373090563628
23,23.40408287692508,1.1117627982415303,0.7845646011615329,5.636633588282244,0.006987109832251228,14.506356355288068,14.292456327268614,1.0149659388926278,0.020963713968258114,6.1827935160065435
24,15.437272870104145,1.3619230490499237,0.7754285585349314,6.128920605295113,0.0178546343916764,10.249655641490982,8.956898827150102,1.1443308492468713,0.16938654129803365,6.450402076282013
25,13.323783669981614,1.3382810907684572,0.8695427036165346,6.900558724628462,0.00911387889791632,9.10729604602587,6.191873923794686,1.4708464930184606,0.4025028308302964,7.135918004249599
26,14.827021803355755,1.5309525209017159,0.8863773695641273,3.7901315578686274,0.011622946140539596,13.252890684502,5.993742580083386,2.2111210996181327,0.8394706159648233,4.171755911209074
27,20.933476772784935,1.5133932889078252,0.7752412958050866,5.659875851619044,0.017117531889441043,16.559210856600707,12.349544219810719,1.340876275420512,0.3980048645057514,6.36718094608853
28,19.051826740888075,1.1322413289162472,0.7553293207245545,4.126135271393975,0.017118062696803275,11.670726993758754,10.130012280999356,1.1520940616872974,0.18344109624577598,4.4378655368919775
29,13.446905495381042,1.0446012428220148,0.8042424971568086,3.2544891427942075,0.007242294549863457,7.573040749953645,7.51905061797784,1.0071804453406281,0.008914161747689364,3.3699538945466565
30,13.20741308590292,1.3338431085904339,0.854504385328412,4.70821397205491,0.0070185568796703145,9.339015250506575,8.669702792320019,1.0772013152261068,0.09553199298460703,4.941471792165829
31,16.628065041682703,1.3705936784115478,0.8910992090094583,6.970230876690561,0.008624043749807747,12.345523280271722,9.119905021833347,1.353689895971081,0.35035965174294587,7.383551723372448
32,13.067436967015638,1.5051585825565308,0.8889919406655085,4.834413919071878,0.016571635168455234,10.898355012581034,8.21480927130956,1.3266717038268714,0.3480432335034009,5.152224199988591
33,22.564809278336742,1.3813842870673532,0.8808940774716281,3.0956121045693235,0.009073928303893457,20.209844259130254,8.93617464997501,2.2615766869760954,0.9288850910451619,3.6348622450808135
34,16.027137367906676,1.1075541598514487,0.8866070181432357,3.1217570666624925,0.015088415442831689,11.154303376133976,8.590015867741881,1.2985195310315751,0.312362079373754,3.3225603275430733
35,13.741870528555001,1.242037076519724,0.8127149314016349,3.7256171562294678,0.012815211549232645,9.189100288355064,5.869854610640275,1.5654732353503267,0.4858314483584105,3.9213559442676083
36,18.888408546299864,1.2175445738842698,0.8605632089328437,3.640809642476678,0.007887623284397832,13.87612749493841,13.04419623707529,1.063777885792498,0.08726966844415565,3.9938438392668014
37,16.885072300306227,1.2518906347215948,0.7809428784750981,6.674836820569072,0.017421403543204213,10.52969660424564,9.533703227377277,1.1044707762675303,0.12325559804000631,6.992303864757881
38,14.136331861248719,1.246912112769815,0.7849006643447961,4.80431441180217,0.0091447577931619,8.787482040658924,5.750526565799299,1.5281178062756242,0.4501540940891245,5.016990654608197
39,18.5200564914145,1.556657765723656,0.8073766708394751,5.600513314514531,0.01393431669530561,15.068914358949971,8.702074979818148,1.7316461181842029,0.6461289254758246,6.211195938516926
